Campaign,Ad Group,Headline 1,Headline 2,Headline 3,Headline 4,Headline 5,Headline 6,Description 1,Description 2,Final URL,Path 1,Path 2,Ad Status
StaffAug-AU,Staff Augmentation General,Deploy Engineers in 7 Days,40% Less Than Local AU Cost,Pre-Vetted Production-Ready,Staff Augmentation Australia,Scale Up or Down Zero Risk,Free 30-Min Tech Audit,"Deploy AI cloud or cybersecurity specialists in 7 days. Pre-vetted engineers at 40% less than local AU cost. Book a free tech audit.","Filling a tech role in Australia takes 4-6 months. We deploy production-ready engineers in 7 days. Any specialist any scale. Talk to us.",https://dianapps.com/technology-partner-australia,Staff,Augmentation,Paused
StaffAug-AU,Hire Developers,Hire AI Engineers 7 Day Deploy,40% Cheaper Than Local Hiring,No 6-Month Wait Get Engineers,Pre-Vetted Cloud DevOps Teams,Sydney Melbourne Brisbane,Free 30-Minute Tech Audit,"Your next product launch can't wait 6 months. We deploy senior AI cloud engineers to your AU team in 7 days. Production-ready. Free audit call.","72% of AU employers already source internationally. Specialist engineers in 7 days 40% less than local cost. Book your free consultation.",https://dianapps.com/technology-partner-australia,Hire,Developers,Paused
StaffAug-AU,Scale Engineering,Software Engineers in 7 Days,IT Outsourcing That Works,Senior Engineers Not Juniors,Scale Your Engineering Team,Trusted by 50+ Companies,Flexible Hiring Models,"Deploy production-ready engineers in 7 days. AI cloud mobile Salesforce specialists at 40% less than local AU cost. Scale up or down as needed.","IT outsourcing that works. Pre-vetted senior engineers not junior devs. 150+ specialists ready to deploy. Free 30-minute consultation.",https://dianapps.com/technology-partner-australia,Scale,Engineering,Paused
AI-Integration-AU,AI Integration General,AI Pilot Stuck? 90 Day Fix,AI Integration Company AU,From Proof of Concept to ROI,Free AI Readiness Assessment,Integrated Into ERP CRM,Trusted AI Partner Australia,"40% of Australian companies have AI stuck in pilot. We take it to production in 90 days integrated into your ERP CRM or core system. ROI guaranteed.","53% of tech leaders say AI ROI is their top challenge. We fix that. Full AI integration into your existing systems in 90 days. Free assessment.",https://dianapps.com/technology-partner-australia,AI,Integration,Paused
AI-Integration-AU,AI Production ROI,90 Days Pilot to Production,AI ROI Guaranteed Australia,LLM Computer Vision NLP,Enterprise AI Integration,Stop AI Pilot Failure,Book Free AI Assessment,"53% of AU tech leaders cite AI ROI as top challenge. Full integration into existing systems in 90 days. ERP CRM data pipelines all connected.","Your AI prototype isn't making money in a sandbox. We move it to production in 90 days. Integrated audit-ready scalable. Free AI assessment.",https://dianapps.com/technology-partner-australia,AI,Production,Paused
AI-Integration-AU,AI Developer,Hire AI Developer Australia,Machine Learning Engineer AU,AI Development Company Sydney,Pre-Vetted AI Specialists,40% Less Than Local Cost,Free AI Assessment,"Need an AI developer in Australia? We deploy senior ML engineers in 7 days. Pre-vetted production-ready 40% less than local hiring. Free consultation.","AI development company trusted by AU startups and enterprises. LLM computer vision NLP. Senior engineers deployed in 7 days. Free assessment.",https://dianapps.com/technology-partner-australia,AI,Developer,Paused
Cybersecurity-AU,Essential Eight,Essential Eight in 60 Days,Cyber Engineers 7 Day Deploy,Certified Security Specialists,Free Essential Eight Audit,84700 Cybercrimes in AU,Compliance Guaranteed,"One cybercrime every 6 minutes in Australia. Achieve Essential Eight compliance in 60 days with certified security engineers. Free assessment.","54000 cybersecurity specialists needed by 2030. Deploy certified engineers now. Essential Eight SOCI Act SOC setup. Compliance guaranteed.",https://dianapps.com/technology-partner-australia,Essential,Eight,Paused
Cybersecurity-AU,Cybersecurity Services,Cybersecurity Company AU,Managed Security Services,SOC as a Service Australia,Penetration Testing AU,24/7 Security Monitoring,Free Security Consultation,"Cybersecurity company trusted by Australian businesses. Managed security SOC setup incident response. Certified engineers deployed in 7 days.","Managed security services for Australian businesses. 24/7 monitoring threat detection incident response. ASD framework. Free security audit.",https://dianapps.com/technology-partner-australia,Cyber,Security,Paused
Legacy-Modernisation-AU,Legacy Modernisation,Legacy Costs $6.9M Per Year,Cloud Migration in 60 Days,Cut Tech Debt by 40%,Zero Downtime Guarantee,Free Tech Debt Assessment,Modernise Without Disruption,"Outdated tech costs AU businesses $6.9M annually. Migrate to cloud-native in 60 days. 40% cost reduction. Free tech debt assessment.","Legacy modernisation is #1 driver of cloud demand in AU. Full migration in 60 days. No downtime no disruption. Free assessment.",https://dianapps.com/technology-partner-australia,Legacy,Migration,Paused
Legacy-Modernisation-AU,Cloud Migration,Cloud Migration Partner AU,AWS Azure GCP Migration,Cloud-Native in 60 Days,Hybrid Cloud Strategy,Cloud Cost Optimisation,Free Cloud Assessment,"Cloud migration partner trusted by Australian businesses. AWS Azure GCP. Migrate in 60 days with zero downtime. Free cloud assessment.","Reduce cloud costs by 40% with optimised architecture. We migrate modernise and manage your infrastructure. Free assessment.",https://dianapps.com/technology-partner-australia,Cloud,Migration,Paused
Healthcare-FHIR-AU,FHIR Integration,FHIR-Compliant in 45 Days,My Health Record Integration,2027 Deadline Approaching,Free Interoperability Review,Healthcare API Experts,HL7 FHIR R4 Development,"AU government spending $1.1B on health interoperability by 2027. Build FHIR integrations in 45 days. Connect EHR enable My Health Record.","The 2027 interoperability mandate is approaching. FHIR R4 integrations in 45 days. EHR My Health Record telehealth all connected. Free review.",https://dianapps.com/technology-partner-australia,Healthcare,FHIR,Paused
Healthcare-FHIR-AU,Health IT,EHR Interoperability Australia,My Health Record Connect,Digital Health Development,Health Data Platform,Hospital IT Modernisation,Free Health IT Consultation,"EHR interoperability specialists for Australian healthcare. Connect clinical systems enable My Health Record exchange. Free consultation.","Digital health development trusted by Australian hospitals and health SaaS. FHIR telehealth EHR connectivity. 45-day delivery.",https://dianapps.com/technology-partner-australia,Health,IT,Paused
